{"cameraMode":{"drawMode":0,"name":"Shaded","section":"Shading Mode"},"sceneLighting":true,"audioPlay":false,"sceneViewState":{"m_AlwaysRefresh":false,"showFog":true,"showSkybox":true,"showFlares":true,"showImageEffects":true,"showParticleSystems":true,"showVisualEffectGraphs":true,"m_FxEnabled":true},"in2DMode":false,"pivot":{"x":0.3489334285259247,"y":-0.0071114711463451389,"z":-0.06710727512836456},"rotation":{"x":-0.07783636450767517,"y":0.21568340063095094,"z":-0.017250342294573785,"w":-0.9732033014297485},"size":0.4928932785987854,"orthographic":false}